question,reference,rag_answer,context,faithfulness_score,answer_relevancy_score,context_recall_score,context_precision_score
Xu hướng bất động sản hiện tại ở TP.HCM,"Xu hướng bất động sản tại TP.HCM đang dần hồi phục, giá bán đất và chung cư tăng cao, và các rào cản pháp lý đang dần được giải quyết.","Dựa trên dữ liệu hiện có, xu hướng bất động sản tại TP.HCM hiện đại đang có những điểm đáng chú ý sau:

1. **Giá bán căn hộ chung cư tăng cao**: Giá bán căn hộ chung cư tiếp tục tăng cao, đặc biệt tại khu vực đô thị hiện hữu (phạm vi các đường vành đai) của TP.HCM. Nguồn cung mặc dù được cải thiện nhưng vẫn ở mức rất thấp so với nhu cầu thực tế.

2. **Tăng cường cải tạo chung cư cũ**: Các dự án cải tạo chung cư cũ, chỉnh trang khu dân cư hiện hữu được đẩy mạnh. Đây là một trong số ít phương án khả thi để tạo nguồn cung nhà ở mới tại khu vực nội thành với giá bán không quá cao.

3. **Hạ giá bán thông qua giảm diện tích căn hộ**: Chủ đầu tư đang điều chỉnh diện tích căn hộ giảm để hạ giá bán và dần trở thành mức bình thường mới tại đô thị.

4. **Tình trạng pháp lý tốt**: Tình trạng pháp lý của các dự án đã mở bán chính thức thường khá tốt, giúp tạo sự tin tưởng cho người mua.

5. **Hệ thống hạ tầng đang được đẩy nhanh tiến độ**: Các dự án hạ tầng trọng điểm như cao tốc Bắc – Nam, sân bay Long Thành, các tuyến vành đai lớn đang được đẩy nhanh tiến độ, mở rộng không gian đầu tư cho thị trường bất động sản công nghiệp và đô thị vệ tinh.

Tóm lại, thị trường bất động sản tại TP.HCM đang có những diễn biến tích cực và hứa hẹn trong tương lai. Nếu bạn cần thêm thông tin chi tiết hoặc tư vấn về mua bán bất động sản tại TP.HCM, vui lòng cho biết thêm về ngân sách cụ thể hoặc mục đích sử dụng để được tư vấn chính xác hơn.","2027 và hưởng lợi tích cực từ: (1) Nhu cầu rất lớn về căn hộ khu vực nội thành TP.HCM,  
trong khi nguồn cung thiếu hụt trong nhiều năm, (2) Thị trường BĐS TP.HCM dự báo bắt đầu  
khởi sắc từ năm 2025.  
| Dự án                            | Tổng diện tích (m2) | Tiến độ                     |
| -------------------------------- | ------------------- | --------------------------- |
| Hado Charm Villas                | 300.200             | Chuẩn bị mở bán đợt cuối    | | # 4.2. Đối với biệt thự, nhà ở liền kề trong dự án  
Giá giao dịch biệt thự, nhà liền kề trong dự án trong Quý II năm 2025 tại các địa phương có xu hướng tăng nhẹ so với quý trước, trong đó tăng nhiều hơn ở một số địa phương như TP. Hồ Chí Minh, Khánh Hòa, cụ thể như sau: | # Giá bán sơ cấp căn hộ tại Hà Nội và TP.HCM  
Giá bán căn hộ chung cư tiếp tục xu hướng tăng cao trong năm 2024, đặc biệt tại khu vực đô thị hiện hữu (phạm vi các đường vành đai) của TP. Hà Nội:  
- Nguồn cung mặc dù được cải thiện nhưng vẫn ở mức rất thấp so với nhu cầu thực tế.
- Sản phẩm căn hộ đáp ứng tốt nhu cầu ở thực và có thể dễ dàng cho thuê để khai thác dòng tiền, giúp bù đắp một phần chi phí tài chính.
- Tình trạng pháp lý của các dự án đã mở bán chính thức thường khá tốt. | # Một số xu hướng dự báo được thúc đẩy trong thời gian tới  
- Diện tích căn hộ được chủ đầu tư điều chỉnh giảm để hạ giá bán và dần trở thành mức bình thường mới tại đô thị.
- Các dự án cải tạo chung cư cũ, chỉnh trang khu dân cư hiện hữu được đẩy mạnh do là một trong số ít phương án khả thi để tạo nguồn cung nhà ở mới tại khu vực nội thành với giá bán không quá cao.  
VCBS RESEARCH DEPARTMENT | Nguồn: GSO, VCBS tổng hợp 21  
VCBS | - Nền tảng kinh tế vĩ mô ổn định, lạm phát và tỷ giá được kiểm soát; chính sách pháp lý và đầu tư ngày càng hoàn thiện, với các luật sửa đổi có hiệu lực từ đầu năm 2025; hệ thống hạ tầng trọng điểm như cao tốc Bắc – Nam, sân bay Long Thành, các tuyến vành đai lớn tại Hà Nội, TP.HCM được đẩy nhanh tiến độ, mở rộng không gian đầu tư cho thị trường bất động sản công nghiệp và đô thị vệ tinh.",0.8333333333333334,0.5433033285454347,0.0,0.8874999999778125
Tui nên đầu tư vào khu vực nào ở TP.HCM,"Nếu bạn muốn đầu tư ở TP.HCM thì hiện có vài hướng đáng cân nhắc:

- Muốn an toàn, dễ cho thuê: Quận 2 (Thủ Đức), Bình Thạnh – gần trung tâm, nhu cầu cao.
- Muốn tăng giá dài hạn nhờ hạ tầng: Quận 9 (Thủ Đức), Bình Chánh, Nhà Bè – nhiều dự án giao thông và khu đô thị mới.
- Muốn sinh lời trung hạn: Hóc Môn, Củ Chi – đang được định hướng phát triển thành thành phố vệ tinh.

Tùy bạn ưu tiên ngắn hạn hay dài hạn, cho thuê hay mua đi bán lại. Bạn muốn mình gợi ý chi tiết theo nhu cầu nào?","Dựa trên dữ liệu hiện có, khu vực TP.HCM và lân cận được dự báo sẽ thu hút dòng tiền tốt và sẽ là điểm sáng đầu tư trong năm 2025. Các hoạt động kinh tế trọng yếu của khu vực phía Nam đang dần hồi phục, bao gồm các lĩnh vực tiêu dùng, dịch vụ, xuất nhập khẩu, và nhiều ngành khác.

Mặt bằng giá sản phẩm tại TP.HCM hiện tại đã ngang hoặc thậm chí thấp hơn tại một số khu vực so với Hà Nội, mặc dù TP.HCM có sự vượt trội hơn về áp lực dân số, mặt bằng thu nhập, cơ hội việc làm và tiện ích đô thị. Dư địa tăng giá tốt trong giai đoạn tới, tạo điều kiện thu hút dòng tiền của nhà đầu tư lẫn chủ đầu tư dự án.

Với những thông tin này, bạn có thể xem xét đầu tư vào các khu vực phát triển nhanh, có tiềm năng tăng giá trong tời gian tới như Quận 2, Quận 7, hoặc các khu vực lân cận như Bình Dương, Đồng Nai. Tuy nhiên, để có lựa chọn chính xác hơn, bạn có thể cung cấp thêm thông tin về ngân sách, mục đích sử dụng, hoặc khu vực ưu tiên của bạn.","# Vietcombark Securities  
Khu vực TP.HCM và lân cận dự báo sẽ thu hút dòng tiền tốt và sẽ là điểm sáng đầu tư trong năm 2025  
| $ | Dòng tiền mua nhà dồi dào hơn | M | Mặt bằng giá hấp dẫn |
| - | ----------------------------- | - | -------------------- |  
Các hoạt động kinh tế trọng yếu của khu vực phía Nam dần hồi phục, bao gồm các lĩnh vực tiêu dùng, dịch vụ, xuất nhập khẩu,… | Kỳ vọng dòng tiền đầu tư dịch chuyển từ miền Bắc (ngược lại với xu hướng năm 2023 – 2024) để tìm kiếm cơ hội đầu tư trong bối cảnh mặt bằng giá tại Hà Nội đã khá cao.  
Mặt bằng giá sản phẩm tại TP.HCM hiện tại đã ngang (thậm chí thấp hơn tại một số khu vực) so với Hà Nội, dù sở hữu sự vượt trội hơn về áp lực dân số, mặt bằng thu nhập, cơ hội việc làm và tiện ích đô thị.  
Dư địa tăng giá tốt trong giai đoạn tới, tạo điều kiện thu hút dòng tiền của nhà đầu tư lẫn chủ đầu tư dự án. | Khu vực TP.HCM và lân cận dự báo sẽ thu hút dòng tiền tốt và sẽ là điểm sáng đầu tư trong năm 2025. Trong khi đó, thị trường BĐS tại các tỉnh sẽ tiếp tục bức tranh phân hóa. Các địa phương có tốc độ phát triển kinh tế và đô thị hóa cao, thu hút đầu tư và lao động nhập cư tốt sẽ có sự khởi sắc vượt trội hơn. | # Luận điểm đầu tư  
- Chủ đầu tư có uy tín và nhiều kinh nghiệm triển khai thành công hàng loạt dự án nhà ở tại thành phố Hồ Chí Minh.
- Chiến lược phát triển tập trung vào hai hướng chính: Các dự án có quy mô vừa với pháp lý hoàn thiện sẵn sàng mở bán đem lại dòng tiền và lợi nhuận trong ngắn và trung hạn. Tập trung nguồn lực cho công tác giải phóng mặt bằng và hoàn thiện pháp lý của các dự án có quy mô lớn để đảm bảo tăng trưởng trong dài hạn. | Nhiều doanh nghiệp BĐS đã vượt qua giai đoạn tái cấu trúc và tiếp cận lại được nguồn vốn vay.  
Sau giai đoạn tạm ngưng để quan sát thị trường, nhiều chủ đầu tư đã bắt đầu tích cực ra mắt/ chạy tin đồn các phân khu, dự án mới và được đón nhận khá tốt.  
Tuy vậy, xu hướng hồi phục của nguồn cung mới mang tính cục bộ và tập trung tại:  
Thị trường phía Bắc, đặc biệt khu vực TP. Hà Nội &#x26; vùng lân cận",0.7142857142857143,,0.8,0.99999999998
Tui cần vay khoảng 5 tỷ để mua nhà. Bạn có thể chọn giúp tui một số khoảng vay phù hợp,"Hiện tại có nhiều ngân hàng đang triển khai gói vay mua nhà với lãi suất ưu đãi, bạn có thể tham khảo:

**Nhóm ngân hàng Nhà nước (Big 4):**
- Agribank: Lãi suất từ 5,5%/năm, hạn mức vay đến 100% nhu cầu vốn nếu có tài sản bảo đảm, thời hạn tối đa 40 năm, ân hạn gốc 5 năm.
- BIDV: Hỗ trợ vay tối đa 5 tỷ, lãi suất cố định 5,5%/năm trong 3 năm, thời gian vay đến 40 năm, miễn trả gốc 5 năm.
- VietinBank: Gói HomeJoy cho khách hàng trẻ với lãi suất từ 5,6%/năm, vay 100% nhu cầu vốn, thời gian tối đa 40 năm, ân hạn gốc 5 năm.
- Vietcombank: Gói 'Nhà Mới Thành Đạt' cho người trẻ, lãi suất từ 5,2%/năm, vay tối đa 70% giá trị nhà, thời hạn 40 năm, ân hạn gốc 5 năm.

**Ngân hàng TMCP tiêu biểu:**
- Techcombank: Lãi suất từ 3,99%/năm, vay tối đa 80% tài sản bảo đảm, thời hạn 45 năm, miễn trả gốc đến 10 năm.
- TPBank: Ưu đãi 3,6%/năm trong 3 tháng đầu, ân hạn gốc 60 tháng.
- VPBank: Lãi suất từ 5,2%/năm, vay đến 80% giá trị nhà, thời hạn 25 năm.
- Eximbank: Gói 'Vững tổ ấm – Chắc tương lai' với lãi suất chỉ từ 3,68%/năm, vay đến 40 năm, ân hạn gốc 7 năm.

👉 Với khoản vay 5 tỷ, bạn có thể cân nhắc Big 4 để an toàn và ổn định, hoặc các ngân hàng TMCP như Techcombank, Eximbank nếu muốn lãi suất thấp ban đầu và thời hạn vay dài. Bạn muốn mình so sánh chi tiết hơn theo tiêu chí nào (lãi suất thấp nhất, vay dài hạn nhất hay thủ tục nhanh nhất)?","Dựa trên thông tin hiện có, để vay khoảng 5 tỷ đồng để mua nhà, bạn có thể xem xét các gói vay từ VPBank và Ngân hàng MSB như sau:

**[Gói vay từ VPBank]**
- Lãi suất: từ 5.2%/năm
- Hạn mức vay: tối đa 80% giá trị căn nhà
- Thời gian vay: lên tới 25 năm
- Điều kiện: cần có nhu cầu vay và bất động sản có giấy chứng nhận chủ quyền

**[Gói vay từ Ngân hàng MSB]**
- Lãi suất: từ 4.5%/năm - cố định 6 tháng đầu
- Hạn mức vay: lên tới 80% giá trị tài sản đảm bảo hoặc 95% tổng phương án vay
- Thời gian vay: lên tới 35 năm
- Ưu điểm: ân hạn gốc tới 24 tháng, miễn phí trả nợ trước hạn gốc lên đến 100 triệu đồng/tháng

Với thông tin trên, bạn có thể xem xét và lựa chọn gói vay phù hợp với nhu cầu và khả năng tài chính của mình. Nếu cần thêm thông tin hoặc tư vấn chi tiết hơn, bạn có thể cho mình biết về ngân sách cụ thể hoặc khu vực ưu tiên để được hỗ trợ tốt nhất.",". Với gói vay này, khách hàng được vay hạn mức tối đa 70% giá trị nhà ở dự định mua và 50% đối với nhu cầu vay thuê mua. Khách hàng vay mua/thuê mua nhà có thể linh hoạt trong việc lựa chọn tài sản thế chấp phù hợp như: giấy tờ có giá/số dư tiền gửi, nhà ở dự định mua/thuê mua bằng vốn vay; bất động sản đã sở hữu khác. | Một trong những vấn đề nổi cộm của thị trường 2024 là khoảng cách lớn giữa giá bán thực tế và giá mua kỳ vọng. Phần lớn người mua hướng đến căn hộ dưới 2 tỷ đồng và nhà thấp tầng trong khoảng 2–5 tỷ đồng. Tuy nhiên, theo báo cáo của Savills, trong năm 2024, 59% căn hộ bán ra có giá trên 4 tỷ đồng, trong khi căn hộ dưới 2 tỷ chỉ chiếm vỏn vẹn 1%. Với nhà thấp tầng, nguồn cung chủ yếu nằm ở mức giá trên 10 tỷ đồng, khiến nhóm khách hàng tầm trung khó tiếp cận sản phẩm phù hợp | Chính bởi vậy, người mua cần cân nhắc kỹ về dòng tiền và khả năng trả nợ, đặc biệt khi chương trình ưu đãi lãi suất kết thúc. Người vay mua nhà hãy tính toán khả năng trả nợ dựa trên lãi suất thả nổi theo thị trường. Lời khuyên của các chuyên gia là người vay mua nhà chỉ nên dành tối đa 30-40% tổng thu nhập hàng tháng cho các nhu cầu về nhà ở để có thể đảm bảo các chi phí cho những nhu cầu cơ bản khác | - VPBank: VPBank triển khai gói vay mua nhà ưu đãi dành cho giới trẻ với lãi suất chỉ từ 5,2%/năm. Với gói vay ưu đãi này, khách hàng có thể vay tối đa tới 80% giá trị căn nhà, thời gian vay lên tới 25 năm. Điều kiện của gói vay cũng rất đơn giản, khách hàng chỉ cần có nhu cầu vay và bất động sản có giấy chứng nhận chủ quyền, ngân hàng VPBank sẽ hỗ trợ và tư vấn cho khách hàng. | Ngân hàng MSB cũng triển khai gói vay ưu đãi mua nhà dành cho người trẻ với lãi suất chỉ từ 4.5%/năm – cố định 6 tháng đầu. Thời gian vay lên tới 35 năm với phương thức trả nợ gốc linh hoạt khi lãi suất và gốc có thể được thanh toán theo phương thức phù hợp với khả năng tài chính của khách hàng. Hạn mức vay cao, lên tới 80% giá trị tài sản đảm bảo hoặc 95% tổng phương án vay. Đặc biệt, khách hàng được ân hạn gốc tới 24 tháng, và ưu đãi miễn phí trả nợ trước hạn gốc lên đến 100 triệu đồng/tháng.",0.8,0.0,1.0,0.99999999998
Tui muốn mua nhà 10 tỷ ở Vĩnh Long có không?,"Dựa trên dữ liệu hiện có, tôi không tìm thấy bất động sản nào phù hợp với yêu cầu này. Bạn có muốn tôi gợi ý một số phân khúc khác hoặc khu vực lân cận không?","Dựa trên dữ liệu hiện có, tôi không tìm thấy BĐS phù hợp với yêu cầu của bạn. Để tư vấn chính xác nhất, bạn có thể cho mình biết thêm về ngân sách cụ thể, khu vực ưu tiên, hoặc mục đích sử dụng để tôi có thể hỗ trợ bạn tốt hơn.","
        Title: NHÀ MẶT TIỀN KINH DOANH, DIỆN TÍCH ĐẸP, ĐÃ HOÀN CÔNG
        Description: NHÀ MẶT TIỀN KINH DOANH
ĐƯỜNG SỐ 1, LỘ GIỚI 10M(MỖI BÊN VĨA HÈ 2M)
PHÙ HỢP CHO ANH CHỊ NÀO ĐANG CẦN CÓ 1 NGÔI NHÀ VỪA ĐỂ Ở VÀ KINH DOANH DÒNG TIỀN ĐƯỢC NGAY. ĐƯỜNG TRƯỚC NHÀ ĐẬU OTO THOẢI MÁI.
DIỆN TÍCH VÀNG: NGANG 5M DÀI 20M, KẾT CẤU 1 LẦU, CÓ 3 PN, 3 WC.
SỔ HỒNG ĐÃ HOÀN CÔNG SẴN. CÔNG CHỨNG SANG TÊN NGAY.
ĐẶC BIỆT NHÀ ĐÃ BỐ TRÍ SẴN NỘI THẤT CHỈ CẦN XÁCH VA LI VÀO LÀ Ở ĐƯỢC NGAY
NGÂN HÀNG HỖ TRỢ CHO CĂN NHÀ NÀY LÊN ĐẾN 80%
MỌI CHI TIẾT ANH CHỊ LIÊN HỆ EM ĐỂ NHẬN THÊM THÔNG TIN CĂN NÀY NHÉ
        Address: Đường Đinh Đức Thiện, Bình Chánh, Hồ Chí Minh
        Price: 2150000000.0
        Properties: {'houseType': 'Nhà biệt thự', 'bathrooms': '3', 'bedrooms': '3', 'floors': '1', 'mainDirection': 'Tây Nam', 'legalDocs': 'Đang chờ sổ', 'interiorStatus': 'Nội thất cao cấp'}
        Type: SELL
        Status: SHOW,
        LandArea: 200.0,
        Width:10,
        Length:20,
        UsableArea: 100.0,
         | | Khu nhà ở H.Long Điền             | 346.000             | Đang GPMB và lập QH 1/500                                        |
| KĐT Sinh thái Vũng Tàu Wonderland | 2.340.000           | Đang tích lũy quỹ đất                                            |  
VCBS RESEARCH DEPARTMENT | Nguồn: HDC, VCBS  
VCBS                   CTCP PHÁT TRIỂN NHÀ BÀ RỊA – VŨNG TÀU (HDC: HOSE)
Vietcombark Securities | # TỔNG QUAN DOANH NGHIỆP  
Giá mục tiêu: 45.904  
Tiềm năng tăng giá: +24,4%  
NLG là một nhà phát triển bất động sản nhà ở lớn tại khu vực phía Nam với phân khúc sản phẩm đa dạng, bao gồm các sản phẩm nhà giá rẻ (EhomeS), chung cư trung – cao cấp (Flora) và biệt thự có giá trị cao (Valora). Trong giai đoạn hiện tại, NLG đang tập trung phát triển các dự án quy mô lớn tại khu vực đô thị vệ tinh TP.HCM. | 
        Title: Căn hộ 45m2 1 phòng ngủ mặt tiền 3/2 Q10
        Description: Vị trí: 3/2 - Q10 (gần ntd Phú Thọ)
🌻 45m2, 1pn full nội thất, nhà mặt tiền
🌻 Ban công rộng, view đẹp, cây xanh, thoáng
🌻 Hầm xe rộng, có máy giặt riêng
🌻 Giờ giấc tự do, ra vào vân tay, an ninh

☎️ Lh Nam mq để được tư vấn căn hộ phù hợp và hỗ trợ 1.000.000đ khi chốt phòng trong tháng
        Address: Đường Ba Tháng Hai, Hòa Hưng, Hồ Chí Minh
        Price: 8200000.0
        Properties: {'houseType': 'Căn hộ dịch vụ, mini', 'bathrooms': '0', 'bedrooms': '1', 'legalDocs': 'Đã có sổ', 'interiorStatus': 'Nội thất cao cấp'}
        Type: RENT
        Status: SHOW,
        LandArea: 45.0,
        Width:8,
        Length:8,
        UsableArea: 45.0,
         | 
        Title: 🏠 NHÀ MẶT TIỀN NGUYỄN THƯỢNG HIỀN - GÒ VẤP 🔥🔥
        Description: Căn nhà 4Tầng _Xe hơi đậu trong nhà 👉🏻Cách 10m ra mặt tiền đường lớn.
- ĐC: 49/64/6 ĐƯỜNG SỐ 51_F14_Gò vấp
- DT: 4m*12m (Nở hậu 4m05 ;Sổ cn 47,9m2 ; Sàn 136,9m2 ,toàn số đẹp )
- Hiện sẵn đang gồm PK (Đậu xe hơi 🚙)-PB-4PN(Trong đó 1pn master cực lớn)sân thượng chill & 4WC (1phòng sauna cực chill)
- Tặng full nội thất như hình ảnh
- Giá 6tỷ5 TL
Trân trọng!!!
        Address: 222 Le Loi, Sài Gòn, Hồ Chí Minh
        Price: 49000000.0
        Properties: {'floors': '2', 'houseType': 'Townhouse'}
        Type: RENT
        Status: HIDE,
        LandArea: 50.0,
        Width:9,
        Length:22,
        UsableArea: 40.0,
        ",1.0,1.0,,
Giới thiệu cho tui các bất động sản ở Gò Vấp giá khoảng 2 tỷ,"Hiện tại, ở Gò Vấp không có bất động sản nào với giá khoảng 2 tỷ như mong muốn của bạn. Bạn có muốn tui giới thiệu cho bạn tại những khu vực khác.","Dựa trên dữ liệu hiện có, dưới đây là một số lựa chọn về bất động sản ở Gò Vấp có giá khoảng 2 tỷ đồng:

1. **NHÀ MẶT TIỀN ĐƯỜNG NGUYỄN OANH**
- Địa chỉ: Đường Nguyễn Oanh, Gò Vấp, Hồ Chí Minh
- Giá: 2 tỷ VND
- Diện tích: 100m2
- Đặc điểm: Nhà ngõ, hẻm, 1 phòng ngủ, 1 phòng tắm, giấy tờ viết tay
- Loại: Bán

2. **NHÀ MẶT TIỀN ĐƯỜNG SỐ 51**
- Địa chỉ: Đường Số 51, Gò Vấp, Hồ Chí Minh
- Giá: 2 tỷ VND
- Diện tích: 80m2
- Đặc điểm: Townhouse, 2 tầng
- Loại: Bán

3. **NHÀ MẶT TIỀN ĐƯỜNG HUỲNH VĂN NGHỆ**
- Địa chỉ: Huỳnh Văn Nghệ, Gò Vấp, Hồ Chí Minh
- Giá: 2 tỷ VND
- Diện tích: 150m2
- Đặc điểm: Modern, 2 tầng
- Loại: Bán

Để biết thông tin chi tiết và xem nhà trực tiếp, bạn có thể liên hệ trực tiếp với chủ nhà hoặc các đại lý bất động sản tại khu vực Gò Vấp. Nếu cần thêm thông tin, bạn có thể cho mình biết về yêu cầu cụ thể hoặc mục đích sử dụng để được tư vấn chi tiết hơn.","# (2) Tại thành phố Hồ Chí Minh  
Theo khảo sát tại một số dự án, giá biệt thự, nhà ở liền kề cơ bản ổn định so với Quý I năm 2025; một số khu vực, dự án có giá rao bán tăng khoảng 3 đến trên 5%, cụ thể như sau:  
| An Phú An Khánh | 220-229 triệu đồng/m2 |
| --------------- | --------------------- |
| Him Lam Kênh Tẻ | 233-240 triệu đồng/m2 |
| KDC Phú Mỹ      | 147-152 triệu đồng/m2 |
| Verosa Park     | 150-159 triệu đồng/m2 |
| Lucasta Villa   | 132-141 triệu đồng/m2 | | 
        Title: 🏠 NHÀ MẶT TIỀN NGUYỄN THƯỢNG HIỀN - GÒ VẤP 🔥🔥
        Description: Căn nhà 4Tầng _Xe hơi đậu trong nhà 👉🏻Cách 10m ra mặt tiền đường lớn.
- ĐC: 49/64/6 ĐƯỜNG SỐ 51_F14_Gò vấp
- DT: 4m*12m (Nở hậu 4m05 ;Sổ cn 47,9m2 ; Sàn 136,9m2 ,toàn số đẹp )
- Hiện sẵn đang gồm PK (Đậu xe hơi 🚙)-PB-4PN(Trong đó 1pn master cực lớn)sân thượng chill & 4WC (1phòng sauna cực chill)
- Tặng full nội thất như hình ảnh
- Giá 6tỷ5 TL
Trân trọng!!!
        Address: 222 Le Loi, Sài Gòn, Hồ Chí Minh
        Price: 49000000.0
        Properties: {'floors': '2', 'houseType': 'Townhouse'}
        Type: RENT
        Status: HIDE,
        LandArea: 50.0,
        Width:9,
        Length:22,
        UsableArea: 40.0,
         | 
        Title: Nhà bán hoặc cho thuê
        Description: Nhà mặt tiền đường, tiện kinh doanh, văn phòng làm việc, gần sông , trường học, chợ ….Bán hoặc cho thuê liên hệ chính chủ. Không tiếp môi giới.
        Address: Đường Nguyễn Oanh, Gò Vấp, Hồ Chí Minh
        Price: 30000000000.0
        Properties: {'houseType': 'Nhà ngõ, hẻm', 'bathrooms': '1', 'bedrooms': '1', 'legalDocs': 'Giấy tờ viết tay'}
        Type: SELL
        Status: SHOW,
        LandArea: 100.0,
        Width:8,
        Length:12,
        UsableArea: 100.0,
         | 
        Title: bán nhanh biệt thự Xịn Vinhomes Central Park
        Description: - Diện tích 120m2, thiết kế 3PN, 3WC, hướng cửa chính Đông, ban công Nam, phong thủy tốt.
- Nội thất đầy đủ, sẵn sàng vào ở, mang lại sự tiện nghi tối đa cho cư dân.
- Pháp lý đầy đủ, đảm bảo an tâm cho khách hàng.

+ Thông tin dự án:
- Vinhomes Central Park tọa lạc tại 208 Nguyễn Hữu Cảnh, phường 22, quận Bình Thạnh, TP.HCM.
- Dự án được đầu tư bởi VinGroup, bao gồm 18 tòa căn hộ và 88 căn biệt thự.
- Tiện ích 5 sao với bệnh viện Vinmec, trường học Vinschool, TTTM Vincom, phòng gym, spa, vườn nướng BBQ.

+ Tiện ích xung quanh:
- Gần các siêu thị như Con Cưng, Genshai Saigon Pearl, siêu thị điện máy Tự Do.
- Các công viên như Bình An, Vinhomes Central Park và Vinhomes Tân Cảng.
- Hệ thống giáo dục và y tế phát triển như Kalei Preschool, bệnh viện đa khoa quốc tế Vinmec.

Liên hệ ngay để biết thêm thông tin chi tiết, vui lòng gặp Thành Phạm
        Address: 208, Nguyễn Hữu Cảnh, Bình Thạnh, Hồ Chí Minh
        Price: 9500000000.0
        Properties: {'houseType': 'Nhà biệt thự', 'bathrooms': '4', 'bedrooms': '4', 'floors': '3', 'mainDirection': 'Bắc', 'legalDocs': 'Đã có sổ', 'interiorStatus': 'Nội thất đầy đủ'}
        Type: SELL
        Status: SHOW,
        LandArea: 300.0,
        Width:80,
        Length:50,
        UsableArea: 500.0,
         | 
        Title: PHÒNG TRỌ GÒ VẤP GIÁ RẺ, CÓ NỘI THẤT, GẦN SÂN BAY, CỬA SỔ THÔNG THOÁNG
        Description: CHO THUÊ PHÒNG FULL NỘI THẤT – GẦN SÂN BAY TÂN SƠN NHẤT ✈️\n📍 Địa chỉ: 299/3 Huỳnh Văn Nghệ, P.12, Q. Gò Vấp, TP.HCM\n✨ Vị trí siêu thuận tiện:\nCách sân bay Tân Sơn Nhất chỉ 5 phút\nKhu vực an ninh, yên tĩnh\nNhiều tiện ích xung quanh: chợ, siêu thị, cửa hàng tiện lợi, bến xe buýt\nGần các trường ĐH/CĐ/TC\n🏡 Thông tin phòng:\nDiện tích: 20m²\nCó cửa sổ lớn, thoáng mát, nhiều ánh sáng tự nhiên\nFull nội thất: Giường, nệm, tủ quần áo, bàn học, máy lạnh, tủ lạnh, máy nước nóng, wifi mạnh\nGiờ giấc tự do – không chung chủ
        Address: 123 Nguyen Van Troi, Gò Vấp, Hồ Chí Minh
        Price: 1000000.0
        Properties: {'floors': '2', 'houseType': 'Modern'}
        Type: SELL
        Status: SHOW,
        LandArea: 200.0,
        Width:10,
        Length:20,
        UsableArea: 150.0,
        ",0.0,0.0,,
Tui cần thuê nhà trọ ở Bình Thạnh gần các trường đại học,"🏠 Phòng trọ cao cấp dạng Studio Full NT - Trung tâm Q. Bình Thạnh, 🌸CĂN HỘ DUPLEX FULL NỘI THẤT-35M2 -NGAY ĐH HTECH,GTVT,-Ở ĐƯỢC 4 NGƯỜI ","Dựa trên thông tin hiện có, dưới đây là một số lựa chọn phòng trọ ở Bình Thạnh gần các trường đại học mà bạn có thể quan tâm:

**Phòng trọ cao cấp dạng Studio Full NT - Trung tâm Q. Bình Thạnh**
- Địa chỉ: 363/42, Đường Đinh Bộ Lĩnh, Bình Thạnh, Hồ Chí Minh
- Giá: 4,300,000 VND
- Diện tích: 20m2
- Đặc điểm: Căn hộ dịch vụ, mini, 1 phòng ngủ, 1 phòng tắm, đã có sổ
- Loại: Cho thuê

**CĂN HỘ DUPLEX FULL NỘI THẤT-35M2 -NGAY ĐH HTECH,GTVT,-Ở ĐƯỢC 4 NGƯỜI**
- Địa chỉ: Đường Xô Viết Nghệ Tĩnh, Bình Thạnh, Hồ Chí Minh
- Giá: 6,300,000 VND
- Diện tích: 30m2
- Đặc điểm: Căn hộ dịch vụ, mini, 1 phòng ngủ, 1 phòng tắm, giấy tờ viết tay
- Loại: Cho thuê

Dựa trên thông tin trên, bạn có thể xem xét và liên hệ để biết thêm chi tiết về các phòng trọ này. Nếu cần thêm thông tin hoặc có yêu cầu khác, vui lòng cho mình biết để được hỗ trợ tốt hơn.","
        Title: 🏠 Phòng trọ cao cấp dạng Studio Full NT - Trung tâm Q. Bình Thạnh
        Description: 🏠 Cho thuê phòng/ Studio, Full nội thất: Giường Nệm, Máy lạnh, Tủ lạnh, Tủ quần áo, Tủ Bếp, máy tắm NL, máy giặt.…
👉 Giờ giấc tự do không chung chủ, Cửa ra vô trang bị Khoá vân tay bảo mật. Hệ thống camera an ninh 24/24. Giá thuê : 4,3 triệu – 5,5 tr tuỳ phòng.
👉 Vị trí: số 363/42 - Đinh Bộ Lĩnh, Q Bình Thạnh ( hẻm xe hơi – Ô tô đỗ cửa). Cách ngã tư Hàng Xanh chưa tới 5 phút, thuận tiện di chuyển qua Q1, Q3, Phú Nhuận và các quận trung tâm.
👉 Gần nhiều trường học và ĐH : Hutech, ĐH Quốc Tế Hồng Bàng, UEF, qua ngã tư Hàng Xanh 5 phút... Phù hợp sinh viên, người đi làm tìm kiếm không gian sống tiện nghi, văn minh, lịch sự
☎️☎ Liên hệ xem nhà: ***. Không tiếp quảng cáo, anh chị em môi giới vui lòng không gọi. Xin cảm ơn !
        Address: 363/42, Đường Đinh Bộ Lĩnh, Bình Thạnh, Hồ Chí Minh
        Price: 4300000.0
        Properties: {'houseType': 'Căn hộ dịch vụ, mini', 'bathrooms': '1', 'bedrooms': '1', 'legalDocs': 'Đã có sổ'}
        Type: RENT
        Status: SHOW,
        LandArea: 20.0,
        Width:5,
        Length:4,
        UsableArea: 20.0,
         | - Khu công nghiệp Thái Hà, Lý Nhân, Hà Nam có giá cho thuê từ 90 nghìn đồng/m2/tháng… | 
        Title: 🌸CĂN HỘ DUPLEX FULL NỘI THẤT-35M2 -NGAY ĐH HTECH,GTVT,-Ở ĐƯỢC 4 NGƯỜI
        Description: CHO THUÊ CĂN HỘ BÌNH THẠNH

------------------------------

️ Vị trí : XÔ VIẾT NGHỆ TĨNH,P25,BÌNH THẠNH

️ Thiết kế : DUPLEX FULL NỘI THẤT

️ Nội thất : đầy đủ, nước nóng lạnh

️ An ninh Tốt, đảm bảo PCCC

️ Không chung chủ, giờ giấc tự do

️ Gần nhiều trường đại học

️ Thuận tiện di chuyển các Quận
GIÁ 6.300.000
-------------------------------

Liên Hệ/zalo :

Đa Dạng Về Loại Phòng

4.500.000 Đến 25.000.000

_Khắp Thành Phố Hồ Chí Minh_
        Address: Đường Xô Viết Nghệ Tĩnh, Bình Thạnh, Hồ Chí Minh
        Price: 6300000.0
        Properties: {'houseType': 'Căn hộ dịch vụ, mini', 'bathrooms': '1', 'bedrooms': '1', 'legalDocs': 'Giấy tờ viết tay'}
        Type: RENT
        Status: SHOW,
        LandArea: 30.0,
        Width:5,
        Length:6,
        UsableArea: 30.0,
         | 
        Title: Nhà bán hoặc cho thuê
        Description: Nhà mặt tiền đường, tiện kinh doanh, văn phòng làm việc, gần sông , trường học, chợ ….Bán hoặc cho thuê liên hệ chính chủ. Không tiếp môi giới.
        Address: Đường Nguyễn Oanh, Gò Vấp, Hồ Chí Minh
        Price: 30000000000.0
        Properties: {'houseType': 'Nhà ngõ, hẻm', 'bathrooms': '1', 'bedrooms': '1', 'legalDocs': 'Giấy tờ viết tay'}
        Type: SELL
        Status: SHOW,
        LandArea: 100.0,
        Width:8,
        Length:12,
        UsableArea: 100.0,
         | - Tại khu công nghiệp Long Bình, Biên Hoà, Đồng Nai có giá cho thuê khoảng 70 nghìn đồng/m2/tháng;
- Khu công nghiệp Amata, Long Bình, Biên Hòa có giá cho thuê khoảng 110 nghìn đồng/m2/tháng;
- Khu chế xuất Tân Thuận, Quận 7, TP. HCM có giá cho thuê từ 130 nghìn đồng/m2/tháng;
- KCN Nhơn Trạch có giá cho thuê từ 110 nghìn đồng/m2/tháng;
- Khu công nghiệp Đồng Văn, Hà Nam có giá cho thuê từ 100 nghìn đồng/m2/tháng;",0.5714285714285714,0.6428416394305159,1.0,0.8333333332916666
Hiện tại nếu mua nhà ở gò vấp với giá 2 tỷ đầy đủ nội thất là mắc hay rẻ?,Nhà mặt đắt hiện tại với giá 2 tỷ đang khan hiếm  .Giá trung bình căn hộ tại Gò Vấp hiện nay đang dao động từ 2-5 tỷ đồng.  Tuy nhiên cần chính xác vị trí và các thông tin khác để xác định cụ thể. ,"Dựa trên dữ liệu hiện có, thị trường Bất động sản Gò Vấp hiện nay đang có xu hướng giá tăng dần. Với mức giá 2 tỷ đồng, bạn có thể tìm được những căn nhà ở Gò Vấp với diện tích và vị trí phù hợp. Tuy nhiên, để xác định xem giá này có phải là mắc hay rẻ, chúng ta cần xem xét kỹ hơn về diện tích, vị trí, tiện ích xung quanh và tình trạng pháp lý của căn nhà.

Nếu bạn quan tâm đến việc mua nhà ở Gò Vấp với giá 2 tỷ đồng, bạn có thể cung cấp thêm thông tin về diện tích, số phòng, và các yêu cầu khác để tôi có thể tư vấn chi tiết hơn.","Một trong những vấn đề nổi cộm của thị trường 2024 là khoảng cách lớn giữa giá bán thực tế và giá mua kỳ vọng. Phần lớn người mua hướng đến căn hộ dưới 2 tỷ đồng và nhà thấp tầng trong khoảng 2–5 tỷ đồng. Tuy nhiên, theo báo cáo của Savills, trong năm 2024, 59% căn hộ bán ra có giá trên 4 tỷ đồng, trong khi căn hộ dưới 2 tỷ chỉ chiếm vỏn vẹn 1%. Với nhà thấp tầng, nguồn cung chủ yếu nằm ở mức giá trên 10 tỷ đồng, khiến nhóm khách hàng tầm trung khó tiếp cận sản phẩm phù hợp | # 2. Điều kiện mua bán nhà ở | 
        Title: 🏠 NHÀ MẶT TIỀN NGUYỄN THƯỢNG HIỀN - GÒ VẤP 🔥🔥
        Description: Căn nhà 4Tầng _Xe hơi đậu trong nhà 👉🏻Cách 10m ra mặt tiền đường lớn.
- ĐC: 49/64/6 ĐƯỜNG SỐ 51_F14_Gò vấp
- DT: 4m*12m (Nở hậu 4m05 ;Sổ cn 47,9m2 ; Sàn 136,9m2 ,toàn số đẹp )
- Hiện sẵn đang gồm PK (Đậu xe hơi 🚙)-PB-4PN(Trong đó 1pn master cực lớn)sân thượng chill & 4WC (1phòng sauna cực chill)
- Tặng full nội thất như hình ảnh
- Giá 6tỷ5 TL
Trân trọng!!!
        Address: 222 Le Loi, Sài Gòn, Hồ Chí Minh
        Price: 49000000.0
        Properties: {'floors': '2', 'houseType': 'Townhouse'}
        Type: RENT
        Status: HIDE,
        LandArea: 50.0,
        Width:9,
        Length:22,
        UsableArea: 40.0,
         | # 2.1 Điều kiện về nhà ở được mua bán  
Theo khoản 1 Điều 160 Luật Nhà ở năm 2023, để được phép mua bán thì nhà ở phải có đủ điều kiện sau:  
- Có Giấy chứng nhận, trừ trường hợp sau đây không bắt buộc phải có Giấy chứng nhận, cụ thể:  
Lưu ý: Dù không có Giấy chứng nhận nhưng phải có giấy tờ khác chứng minh.  
- Không thuộc trường hợp đang có tranh chấp, khiếu nại, khiếu kiện về quyền sở hữu theo quy định của pháp luật về giải quyết tranh chấp, khiếu nại, tố cáo; | - Đối với nhà thấp tầng, giá sơ cấp tại Hà Nội đạt trung bình 226 triệu đồng/m², tăng 3% theo quý và 17% theo năm, chủ yếu đến từ các dự án có vị trí tốt và hạ tầng đồng bộ. Trong khi đó, tại TP.HCM, giá nhà thấp tầng giảm nhẹ 1,3%, còn khoảng 305 triệu đồng/m², do phần lớn nguồn cung mới nằm tại khu vực xa trung tâm, hạ tầng chưa hoàn thiện.  
| Giá sơ cấp trung bình căn hộ thị trường |             |
| --------------------------------------- | ----------- |",0.5,0.5793752756063638,0.3333333333333333,0.699999999965
Khoảng 30 tỷ,"Nhà bán hoặc cho thuê, Đường Nguyễn Oanh, Gò Vấp, Hồ Chí Minh","Dựa trên thông tin hiện có, dưới đây là một số lựa chọn BĐS phù hợp với ngân sách của bạn:

**[Biệt thự Nguyễn Oanh, Gò Vấp]**
- Địa chỉ: Nguyễn Oanh, Gò Vấp, TP.HCM
- Giá: 30 tỷ VND
- Diện tích: 200m2
- Đặc điểm: Biệt thự cao cấp, nội thất sang trọng, view đẹp
- Loại: Bán

Ngoài ra, bạn cũng có thể xem xét thêm các lựa chọn khác trong khu vực để so sánh và chọn ra BĐS phù hợp nhất. 

Nếu cần thêm thông tin hoặc có bất kỳ yêu cầu nào khác, hãy cho mình biết để được tư vấn chi tiết hơn.","Trường hợp chưa đầy đủ thành phần hồ sơ thì trả hồ sơ kèm Phiếu yêu cầu bổ sung, hoàn thiện hồ sơ để người yêu cầu đăng ký hoàn thiện, bổ sung theo quy định.  
Giấy tiếp nhận hồ sơ và hẹn trả kết quả và Phiếu yêu cầu bổ sung, hoàn thiện hồ sơ thực hiện theo mẫu quy định tại Nghị định của Chính phủ quy định về thực hiện cơ chế một cửa, một cửa liên thông trong giải quyết thủ tục hành chính; | # Người Vay Cần Chú Ý Các Điều Kiện Đi Kèm Với Lãi Suất Vay Ngân Hàng Thấp | Về điều kiện vay mua nhà, mặc dù các ngân hàng đều đưa ra các điều kiện như: khách hàng đủ 18 tuổi trở lên, có điểm tín dụng tốt, thu nhập ổn định và đảm bảo khả năng trả nợ,… Tuy nhiên, khách hàng vẫn nên gọi điện hoặc đến trực tiếp các chi nhánh/phòng giao dịch của ngân hàng để được tư vấn cụ thể hơn về lãi suất vay ngân hàng. | # Vietcombark Securities  
Hệ thống quy định pháp lý mới mang đến nhiều thay đổi lớn đối với thị trường và yêu cầu sự thích ứng từ các chủ đầu tư.  
| $                                                                                                                         | Yêu cầu nguồn vốn sẵn có dồi dào hơn                                                                                                                                                       | | | Phí thẩm định hồ sơ   | Người mua                         |                     | -                                                                                                                                                                      |  
Lưu ý:  
- Các bên được phép thỏa thuận về người nộp.
- Trường hợp được miễn thuế thu nhập cá nhân, lệ phí trước bạ vẫn phải nộp hồ sơ khai thuế, lệ phí.",0.5,,0.0,0.0
Cho tui một chiến lược đầu tư lâu dài,Chọn các dự án có vị thế mạnh trên thị trường và được đánh giá cao về thương hiệu. Đầu tư vào các dự án có quỹ đất sạch. Tập trung vào việc phát triển các dự án liên kết với các đối tác nước ngoài,"Dựa trên dữ liệu hiện có, chiến lược đầu tư lâu dài mà bạn có thể xem xét là đầu tư vào cổ phiếu NLG. NLG hiện đang được đánh giá là một trong những cổ phiếu có tiềm năng tăng trưởng trong giai đoạn phục hồi bất động sản. Chiến lược đầu tư vào NLG có thể mang lại lợi nhuận ổn định trong dài hạn.

Ngoài ra, việc tập trung vào phân khúc bình dân và trung cấp cũng là một chiến lược đầu tư lâu dài khôn ngoan, vì nhu cầu ở đây luôn ổn định và đáp ứng được nhu cầu thực của người dân.

Với chiến lược này, bạn cần theo dõi kỹ lưỡng các thông tin về NLG, đánh giá tiềm năng phát triển của công ty và thị trường bất động sản để đưa ra quyết định đầu tư chính xác.","# Chiến lược kinh doanh dài hạn và rủi ro đâu tư | # MỤC TIÊU  
- Có chiến lược rõ ràng trong lựa chọn phân khúc khách hàng và sản phẩm
- Danh mục dự án sẵn sàng triển khai để hưởng lợi sớm từ chu kỳ phục hồi 2025-2026
- Dòng tiền ổn định
- Kiểm soát tốt đòn bẩy tài chính không gây áp lực lên thanh khoản
- Duy trì hiệu quả sinh lời ổn định
- Sở hữu quy đất sạch đã hoàn tất pháp lý hoặc trong giai đoạn hoàn thiện rút ngắn thời gian triển khai
- Cổ phiếu đang được định giá hấp dẫn | # Luận điểm đầu tư  
- Chiến lược phát triển dự án liên kết với các đối tác nước ngoài để phát triển các sản phẩm có chất lượng cao, đảm bảo tiến độ thực hiện và nâng tầm giá trị chuỗi đô thị bền vững đem lại hiệu quả cao.
- Tập trung phát triển 3 dòng sản phẩm thuộc phân khúc bình dân và trung cấp, đáp ứng nhu cầu ở thực của người dân đảm bảo duy trì doanh thu và lợi nhuận của công ty ngay cả thời điểm thị trường bất động sản trầm lắng. | |           |      | Tỷ lệ hoàn thành giải ngân vốn đầu tư công | Kế hoạch năm (tỷ VND) |                                   |       |
| --------- | ---- | ------------------------------------------ | --------------------- | --------------------------------- | ----- |
|           | 2021 | 2022                                       | 2023                  | 2024                              | 2025  | | # LƯỢC ĐẦU CHIẾN  
| Mã cổ phiếu | Chiến lược đầu tư                       | Giá mục tiêu |
| ----------- | --------------------------------------- | ------------ |
| NLG         | Đầu tư dài hạn trong giai đoạn phục hồi |              |
| KDH         | Ưu tiên sự ổn định                      |              |
| DXG         | Linh hoạt trong ngắn hạn                |              |  
Trang 22  
NH SECURITIES VIETNAM",0.6666666666666666,0.4643532376362212,1.0,0.5833333333041666
